201,Carce Seamarke,750-256-5513,cseamarke0@aol.com,9/22/1996,3,4
202,Diane-marie Aburrow,616-912-8164,daburrow1@indiegogo.com,9/16/1997,2,3
203,Rafael Hawkett,513-487-2342,rhawkett2@mapy.cz,12/4/2003,6,2
204,Jermayne Wrennall,395-255-7068,jwrennall3@yandex.ru,8/20/1994,7,2
205,Powell Alabastar,425-535-0853,palabastar4@networkadvertising.org,2/27/1993,10,5
206,Fara Cordeux,189-350-3148,fcordeux5@ebay.co.uk,9/25/1995,8,5
207,Veriee Dyball,744-685-5083,vdyball6@umn.edu,11/13/2004,3,3
208,Helen Wornum,271-147-9129,hwornum7@4shared.com,2/20/1978,5,2
209,Ignatius Gomar,230-900-1989,igomar8@omniture.com,6/3/2001,4,3
210,Bjorn Bowstead,936-187-6368,bbowstead9@dot.gov,5/11/1984,1,2
211,Nolana Quilty,998-503-3769,nquiltya@seattletimes.com,4/30/1974,10,4
212,Andria Serchwell,185-817-1626,aserchwellb@google.es,4/19/1981,8,4
213,Leda Sink,743-134-7540,lsinkc@tmall.com,12/11/1972,9,2
214,Lisetta Binion,466-172-5540,lbiniond@tripod.com,4/16/1976,2,2
215,Devi Ivatts,789-804-4320,divattse@hc360.com,11/18/1994,4,4
216,Sascha Jiggins,611-536-4119,sjigginsf@umn.edu,9/3/1982,10,5
217,Diena Sellars,784-225-6906,dsellarsg@spotify.com,7/30/1983,6,2
218,Rosetta Bazylets,738-621-6025,rbazyletsh@cisco.com,11/14/1980,2,5
219,Timofei Churcher,812-492-4953,tchurcheri@msn.com,10/17/2004,7,5
220,Jerry Doyley,416-156-4582,jdoyleyj@spotify.com,11/29/1980,3,5
221,Maureen Milberry,169-220-0464,mmilberryk@de.vu,9/19/1980,2,5
222,Che Tassel,541-690-4743,ctassell@mediafire.com,6/25/1995,3,5
223,Efrem Coudray,529-919-9592,ecoudraym@vkontakte.ru,5/14/1979,7,4
224,Elias McAllan,631-583-0043,emcallann@nasa.gov,7/20/1983,2,4
225,Ole Czajkowska,732-526-8261,oczajkowskao@google.de,2/5/1984,2,4
226,Fleming Shearme,719-399-7416,fshearmep@flickr.com,1/31/2002,5,3
227,Archambault Diddams,399-312-4546,adiddamsq@jimdo.com,10/8/1980,7,3
228,Ashli Jaquiss,980-399-9551,ajaquissr@spiegel.de,7/29/1992,1,2
229,Sven Braisby,563-297-5064,sbraisbys@cisco.com,3/21/1992,4,3
230,Blinnie Simonian,758-174-0216,bsimoniant@storify.com,1/6/1999,9,5
231,Melisenda Durie,284-485-5071,mdurieu@nba.com,10/18/1979,6,4
232,Jesse Rendell,547-557-3750,jrendellv@globo.com,11/17/1990,1,4
233,Mal Glackin,877-822-7102,mglackinw@ibm.com,8/14/1981,1,5
234,Cherianne Boole,555-353-8962,cboolex@elpais.com,4/24/1970,2,2
235,Magdaia Singh,224-244-9622,msinghy@mit.edu,2/18/1989,4,2
236,Cynde Worsom,944-988-0188,cworsomz@nsw.gov.au,9/1/1971,1,5
237,Shela Gallen,968-997-4011,sgallen10@imageshack.us,11/27/1988,6,3
238,Delinda Quinion,101-313-3504,dquinion11@feedburner.com,2/28/1971,3,4
239,Cate Dovidaitis,229-123-4145,cdovidaitis12@so-net.ne.jp,6/5/1981,10,4
240,Lynnea Wakeman,600-793-4782,lwakeman13@psu.edu,6/12/2006,8,3
241,Bernetta Salmons,829-687-0185,bsalmons14@hp.com,2/4/2005,4,5
242,Manya Bockmann,322-267-6510,mbockmann15@ucoz.com,4/14/2006,9,5
243,Susana Buckell,401-549-8923,sbuckell16@cnet.com,8/11/1971,5,3
244,Aylmer Cominetti,745-222-9772,acominetti17@twitpic.com,9/13/2003,4,4
245,Katine Narey,571-933-4642,knarey18@delicious.com,2/26/1972,9,5
246,Shaina Thorald,624-326-7947,sthorald19@4shared.com,6/19/1970,8,4
247,Blake Bartholat,278-350-2195,bbartholat1a@wikimedia.org,11/3/1978,1,4
248,Merola Filde,944-675-9125,mfilde1b@hc360.com,1/12/1992,8,5
249,Grier Enever,662-414-2492,genever1c@pagesperso-orange.fr,1/22/1997,7,2
250,Zeb Frake,743-615-9066,zfrake1d@youtube.com,10/4/1987,6,3
251,Ebba Ianitti,943-573-3597,eianitti1e@stanford.edu,1/22/2006,4,3
252,Michael Kibard,670-988-3827,mkibard1f@godaddy.com,8/23/1985,2,3
253,Gasparo Gritskov,440-147-1667,ggritskov1g@de.vu,9/11/1985,10,4
254,Sheila-kathryn Shepton,403-873-9757,sshepton1h@last.fm,2/11/1974,9,4
255,Mignon Titcumb,433-264-1141,mtitcumb1i@ted.com,6/22/1993,2,4
256,Alaric Bastin,393-872-0514,abastin1j@senate.gov,5/23/1987,3,4
257,Rora Geleman,427-596-8602,rgeleman1k@newsvine.com,11/17/1993,4,2
258,Nanice Hache,200-950-3269,nhache1l@nature.com,10/21/1983,5,4
259,Jerad Fulk,646-915-2779,jfulk1m@phpbb.com,1/9/1971,10,3
260,Rey Vivers,946-359-3864,rvivers1n@facebook.com,3/27/2003,8,3
261,Cleve Lanyon,843-502-3582,clanyon1o@sphinn.com,3/6/1988,9,3
262,Haily Gladeche,437-710-4492,hgladeche1p@ow.ly,8/29/1982,7,3
263,Noellyn Thomton,891-701-6151,nthomton1q@nature.com,6/23/1987,5,5
264,Rey Goldwater,525-772-8311,rgoldwater1r@newsvine.com,6/7/1974,7,3
265,Augusta Caines,849-132-3088,acaines1s@loc.gov,5/15/1972,8,2
266,Ettie McGinlay,273-746-0104,emcginlay1t@cpanel.net,3/1/1999,6,4
267,Lolly Issit,110-785-4377,lissit1u@livejournal.com,8/27/1991,2,3
268,Mabel Gittose,583-819-7345,mgittose1v@scribd.com,3/4/2002,10,4
269,Wynne Porch,571-993-9763,wporch1w@cocolog-nifty.com,9/12/1974,6,2
270,Mylo Gerdts,212-619-1045,mgerdts1x@house.gov,7/13/1984,2,2
271,Joshua Ruselin,845-387-3247,jruselin1y@privacy.gov.au,6/18/1971,10,4
272,Garth Lamort,433-788-7764,glamort1z@miitbeian.gov.cn,4/23/1988,6,2
273,Ebeneser Josskovitz,836-101-5918,ejosskovitz20@deviantart.com,2/23/1994,3,3
274,Keir Fayers,909-528-4714,kfayers21@blogs.com,3/18/1999,9,3
275,Nancee Proback,268-580-9135,nproback22@ihg.com,9/14/1988,4,4
276,Hugibert Matthaus,898-141-3002,hmatthaus23@sciencedirect.com,1/20/1992,4,2
277,Irv Trollope,595-781-5273,itrollope24@digg.com,12/29/1970,4,3
278,Rora Tweedell,244-823-3382,rtweedell25@cbc.ca,6/20/1983,9,3
279,Derry Rassell,819-765-3657,drassell26@goodreads.com,5/8/1975,7,5
280,Cecilia Coddington,459-210-3506,ccoddington27@tamu.edu,1/23/1993,3,2
281,Brear Sketchley,132-495-6196,bsketchley28@flickr.com,7/20/1993,9,3
282,Ashil Blaney,157-475-5507,ablaney29@admin.ch,8/7/1984,10,5
283,Hank Elvin,385-508-9240,helvin2a@archive.org,12/23/1990,10,5
284,Grazia Blitzer,338-759-4132,gblitzer2b@imgur.com,3/20/2006,9,3
285,Stanton Landsbury,892-290-3737,slandsbury2c@studiopress.com,6/5/1993,10,2
286,Albrecht MacVay,555-480-7308,amacvay2d@fda.gov,9/28/1992,8,2
287,Nadia De Mitri,872-680-0507,nde2e@slate.com,2/4/1978,7,3
288,Sandor Nelligan,857-983-1655,snelligan2f@digg.com,2/15/1979,6,3
289,Gertrud Thomerson,303-274-6003,gthomerson2g@cmu.edu,6/22/1988,7,3
290,Karina Gleave,566-408-5772,kgleave2h@wisc.edu,4/25/1977,1,5
291,Anabel Elldred,955-366-7692,aelldred2i@sfgate.com,7/25/1981,5,3
292,Angela Mc Coughan,949-496-9051,amc2j@delicious.com,11/12/1993,4,4
293,Janey Ganning,348-807-2897,jganning2k@ftc.gov,8/10/1978,3,2
294,Ernst Bibey,452-166-9661,ebibey2l@soup.io,11/19/1994,3,4
295,Gena Duligal,690-680-9962,gduligal2m@livejournal.com,10/24/1985,4,5
296,Demeter Mattaus,616-699-5331,dmattaus2n@soundcloud.com,4/18/1988,1,2
297,Brittni Corton,815-321-7309,bcorton2o@techcrunch.com,10/3/1975,9,3
298,Darcy Stollard,600-127-8411,dstollard2p@bloomberg.com,9/11/1985,2,5
299,Lindie Skoggings,129-452-6064,lskoggings2q@cam.ac.uk,7/22/1979,7,4
300,Bone Strongitharm,872-628-2934,bstrongitharm2r@huffingtonpost.com,7/6/1975,10,2
301,Blisse Gare,590-833-1310,bgare2s@istockphoto.com,4/23/1995,10,4
302,Winny Manis,866-399-1575,wmanis2t@archive.org,1/15/1973,8,3
303,Stace Tabourier,192-810-7411,stabourier2u@photobucket.com,10/20/2006,5,4
304,Boris Flook,929-982-0446,bflook2v@pen.io,1/26/2006,6,3
305,Dorella Winfield,133-434-3705,dwinfield2w@alibaba.com,4/2/1973,9,3
306,Jarad Giacomo,745-744-7189,jgiacomo2x@globo.com,10/27/1970,10,5
307,Hildegarde Hallums,446-968-8852,hhallums2y@opera.com,2/21/1974,6,5
308,Elissa Wadforth,972-621-3771,ewadforth2z@techcrunch.com,5/10/1980,9,3
309,Dennet Marians,306-560-6371,dmarians30@ibm.com,7/30/1986,5,3
310,Tammara Hannum,586-799-1435,thannum31@issuu.com,5/3/1992,10,5
311,Drona Blasli,165-102-0466,dblasli32@blogs.com,8/29/1973,1,5
312,Ave Patek,233-868-2248,apatek33@google.it,8/19/1984,3,3
313,Brose Winear,926-434-3190,bwinear34@bloglovin.com,1/5/1973,5,3
314,Latia Renad,635-584-7563,lrenad35@histats.com,7/21/1973,10,3
315,Jeffry Lampart,229-544-5909,jlampart36@spotify.com,9/26/1991,10,4
316,Bryanty Wrist,975-542-5087,bwrist37@ca.gov,4/10/1986,8,3
317,Jaimie Chittim,181-224-2598,jchittim38@unicef.org,10/12/1974,9,2
318,Ashlin Kleinmintz,232-273-9745,akleinmintz39@example.com,12/30/1993,4,2
319,Lilia Corradini,907-504-5316,lcorradini3a@google.it,7/4/2000,1,5
320,Debor Kesper,364-587-3129,dkesper3b@sciencedaily.com,3/2/1993,1,2
321,Leila Ingraham,120-436-9514,lingraham3c@eventbrite.com,11/10/1987,5,4
322,Sheeree Louch,603-217-9365,slouch3d@nature.com,8/28/1970,5,5
323,Amalee Renbold,686-814-1846,arenbold3e@sciencedaily.com,5/17/2000,5,2
324,Royal Howley,141-338-5458,rhowley3f@sitemeter.com,6/12/1983,6,5
325,Maddalena Galletly,552-472-9451,mgalletly3g@businesswire.com,4/8/1987,1,3
326,Lucian Bakes,602-558-5455,lbakes3h@vk.com,5/12/1977,6,2
327,Waldon Kinig,737-995-2502,wkinig3i@istockphoto.com,10/4/1988,6,2
328,Weber Batch,917-954-5349,wbatch3j@yolasite.com,9/20/1974,10,2
329,Vail Gue,731-271-7645,vgue3k@constantcontact.com,5/12/1979,3,3
330,Phebe Cometti,562-714-8118,pcometti3l@gmpg.org,4/4/1970,9,5
331,Gale Stanex,190-557-9320,gstanex3m@so-net.ne.jp,6/26/1995,7,3
332,Inez Grombridge,661-615-9517,igrombridge3n@quantcast.com,4/20/1991,10,4
333,Billy Shurmore,321-234-5950,bshurmore3o@youtu.be,4/29/1983,1,5
334,Sacha Shrigley,746-659-7493,sshrigley3p@vk.com,5/12/1982,4,2
335,Sandy Fawlks,578-452-7279,sfawlks3q@fotki.com,10/13/1980,5,4
336,Maxy Atling,386-565-2786,matling3r@moonfruit.com,3/7/1988,5,4
337,Morris Alwood,196-826-0045,malwood3s@bbc.co.uk,11/7/1996,3,2
338,Perry Betje,419-975-1077,pbetje3t@ezinearticles.com,2/4/1978,3,2
339,Leslie Sweatland,449-306-8455,lsweatland3u@prnewswire.com,3/19/1985,6,4
340,Benedict Martinets,328-642-9613,bmartinets3v@cpanel.net,4/24/1988,3,4
341,Halimeda Spalding,699-862-4103,hspalding3w@webnode.com,4/29/1995,4,4
342,Karen McKeveney,879-828-6086,kmckeveney3x@cocolog-nifty.com,9/10/2001,3,2
343,Leoine Luther,397-857-9313,lluther3y@google.it,8/20/1974,3,5
344,Branden Kiwitz,831-960-9322,bkiwitz3z@miitbeian.gov.cn,7/23/1976,8,5
345,Robbert Duiguid,687-188-3214,rduiguid40@goo.gl,8/18/1992,3,4
346,Barbabra Paulusch,587-344-8244,bpaulusch41@yahoo.com,7/17/1972,3,3
347,Maddie Potkins,932-129-9977,mpotkins42@dyndns.org,10/6/2004,4,4
348,Jourdain Sketcher,827-234-8697,jsketcher43@live.com,4/16/1975,7,4
349,Madelena Rowlin,120-563-1371,mrowlin44@gnu.org,2/26/1980,9,5
350,Oran Prover,284-141-2403,oprover45@java.com,4/27/1995,7,3
351,Chery Poulsum,184-191-6648,cpoulsum46@oracle.com,12/16/1984,2,5
352,Broddie Wallsam,250-946-0925,bwallsam47@answers.com,2/20/1992,2,4
353,Eleanor Byrne,118-787-4472,ebyrne48@t-online.de,8/29/1991,3,2
354,Cheryl McCleverty,100-728-2357,cmccleverty49@hibu.com,2/14/1986,1,3
355,Brandea Van Zon,336-522-1652,bvan4a@a8.net,10/25/2006,9,3
356,Cathee Arnau,982-499-4635,carnau4b@simplemachines.org,8/2/1974,4,5
357,Maryjo Ruby,558-659-5578,mruby4c@etsy.com,3/13/1979,5,3
358,Olympia Sate,847-118-8096,osate4d@auda.org.au,3/11/1976,3,2
359,Maxy McArtan,842-192-5756,mmcartan4e@cisco.com,5/15/1975,8,2
360,Brucie Sheraton,287-879-0494,bsheraton4f@uol.com.br,7/20/1978,4,5
361,Pietra Bolt,818-944-4035,pbolt4g@163.com,9/15/1998,6,2
362,Jehu Donneely,358-787-6870,jdonneely4h@time.com,8/7/2006,2,2
363,Quintus Kingscote,544-936-0594,qkingscote4i@opera.com,12/24/1981,9,2
364,Ermanno Blaise,132-971-4335,eblaise4j@tinypic.com,2/20/2006,8,3
365,Davidde Gittins,876-495-2182,dgittins4k@360.cn,2/13/1994,4,4
366,Misha Caskey,515-837-8307,mcaskey4l@smh.com.au,4/21/1981,5,4
367,Judon Cartwight,508-578-7508,jcartwight4m@vkontakte.ru,4/22/1976,6,3
368,Hanna Bram,470-506-5668,hbram4n@nhs.uk,1/12/1985,9,2
369,Koo Lenard,925-765-2970,klenard4o@biblegateway.com,7/4/2003,8,2
370,Vilhelmina Habard,407-619-5655,vhabard4p@addthis.com,12/29/1988,7,3
371,Charyl Loudon,510-894-8591,cloudon4q@mail.ru,10/11/2005,4,2
372,Roberta Lathe,799-284-0983,rlathe4r@walmart.com,1/9/1993,2,2
373,Amble Lendon,675-333-8878,alendon4s@state.gov,11/21/1981,8,2
374,Tine Taleworth,917-970-9160,ttaleworth4t@histats.com,11/14/2004,9,2
375,Ludvig Mogg,983-112-8100,lmogg4u@uol.com.br,1/22/1992,7,3
376,Van Nary,687-196-7754,vnary4v@huffingtonpost.com,9/15/2004,1,5
377,Gardy Dougal,318-241-4607,gdougal4w@gov.uk,4/29/1992,4,3
378,Batholomew Neggrini,518-748-2917,bneggrini4x@unicef.org,9/3/1979,3,5
379,Fairlie Ruberti,767-515-3432,fruberti4y@mapy.cz,6/10/1993,10,3
380,Ashleigh Castiblanco,519-237-3870,acastiblanco4z@themeforest.net,7/6/2006,7,4
381,Tiffie Giraudel,639-168-2692,tgiraudel50@theguardian.com,4/12/1973,1,3
382,Germaine Ruckledge,196-399-3533,gruckledge51@ameblo.jp,9/1/1990,10,2
383,Nicolai McQuilliam,986-251-0319,nmcquilliam52@biblegateway.com,2/13/2003,7,5
384,Elaina Mortlock,815-551-7975,emortlock53@ifeng.com,4/5/1981,9,2
385,Johna Finders,733-545-3751,jfinders54@4shared.com,2/20/2007,10,2
386,Isabelle Kinnerley,173-857-6290,ikinnerley55@adobe.com,3/20/2006,9,2
387,Annamaria Bruno,812-218-5772,abruno56@vimeo.com,5/28/1984,10,3
388,Ingram Ogbourne,626-902-6900,iogbourne57@friendfeed.com,9/15/1984,4,2
389,Ermina Verling,967-962-1264,everling58@amazon.com,11/15/2005,2,2
390,Papageno Simms,823-437-7409,psimms59@oakley.com,4/4/1973,10,2
391,Orazio Lillico,881-622-0253,olillico5a@kickstarter.com,12/26/1994,4,3
392,Jordon Mablestone,968-697-1698,jmablestone5b@technorati.com,7/28/1991,3,4
393,Orel Burney,532-830-2624,oburney5c@simplemachines.org,7/15/1999,2,3
394,Friedrich Mellmoth,720-961-2370,fmellmoth5d@google.ca,11/1/1979,4,4
395,Violette Postins,918-852-6042,vpostins5e@amazon.de,3/30/1991,3,3
396,Inessa Blincow,394-994-2645,iblincow5f@addtoany.com,1/31/1972,3,4
397,Mandel Jefferson,749-769-9480,mjefferson5g@trellian.com,1/19/1982,3,3
398,Heywood Spofforth,677-161-5994,hspofforth5h@ifeng.com,8/31/1988,10,4
399,Tommy Sennett,225-425-0690,tsennett5i@sitemeter.com,9/16/1978,8,2
400,Hussein Beazer,110-510-3993,hbeazer5j@nytimes.com,1/24/1999,4,5
